{"classifications":[{"id":"ptransform-ENTERPRISE","name":"ptransform ASSET ENTERPRISE","description":"This is the type of enterprise","ccomClass":"ENTERPRISE_TYPE","parent":null},{"id":"ptransform-SITE","name":"ptransform Nevada Plant","description":"This is the type of site / plant ","ccomClass":"SITE_TYPE","parent":null},{"id":"ptransform-SEGMENT-TYPE","name":"ptransform LM2500 Fleet","description":"This is the type of segment","ccomClass":"SEGMENT_TYPE","parent":null},{"id":"ptransform-ASSET-TYPE","name":"ptransform GASTURBINE TYPE","description":"This is the type of asset","ccomClass":"ASSET_TYPE","parent":null}],"instances":[{"id":"ptransform-ENTERPRISE-NV","name":"ptransform-enterprise-nv","description":"ptransform asset entierprise","classification":"ptransform-ENTERPRISE","ccomClass":"ENTERPRISE"},{"id":"ptransform-SITE-NV","name":"ptransform-site-nv","description":"ptransform NV north site description","properties":[{"id":"ptransform-SITE-NV_address","value":["Las Vegas"],"type":"string"}],"classification":"ptransform-SITE","ccomClass":"SITE"},{"id":"ptransform-SEGMENT-NV","name":"ptransform-segment-nv","description":"ptransform nv segment id description","classification":"ptransform-SEGMENT-TYPE","ccomClass":"SEGMENT"},{"id":"ptransform-GT-NV-BELMONT","name":"ptransform-turbine-nv-belmont","description":"ptransform belmont asset","properties":[{"id":"alias","value":["belmont gas turbine"],"type":"string"}],"classification":"ptransform-ASSET-TYPE","ccomClass":"ASSET"},{"id":"ptransform-GT-NV-CHELSEA","name":"ptransform-turbine-nv-chelsea","description":"ptransform chelsea asset","properties":[{"id":"alias","value":["chelsea gas turbine"],"type":"string"}],"classification":"ptransform-ASSET-TYPE","ccomClass":"ASSET"},{"id":"ptransform-GT-NV-GRACIA","name":"ptransform-turbine-nv-gracia","description":"ptransform gracia asset","properties":[{"id":"alias","value":["gracia gas turbine"],"type":"string"}],"classification":"ptransform-ASSET-TYPE","ccomClass":"ASSET"}],"connections":[{"from":{"id":"ptransform-SITE-NV","ccomClass":"SITE"},"to":[{"type":"parent","id":"ptransform-ENTERPRISE-NV","ccomClass":"ENTERPRISE"}]},{"from":{"id":"ptransform-SEGMENT-NV","ccomClass":"SEGMENT"},"to":[{"type":"parent","id":"ptransform-SITE-NV","ccomClass":"SITE"}]},{"from":{"id":"ptransform-GT-NV-BELMONT","ccomClass":"ASSET"},"to":[{"type":"parent","id":"ptransform-SEGMENT-NV","ccomClass":"SEGMENT"}]},{"from":{"id":"ptransform-GT-NV-CHELSEA","ccomClass":"ASSET"},"to":[{"type":"parent","id":"ptransform-SEGMENT-NV","ccomClass":"SEGMENT"}]},{"from":{"id":"ptransform-GT-NV-GRACIA","ccomClass":"ASSET"},"to":[{"type":"parent","id":"ptransform-SEGMENT-NV","ccomClass":"SEGMENT"}]}],"tagClassifications":[{"id":"TAG_TEMPERATURE_CLASS_ID","name":"ptransform_Tag_Temperature_Classification_name","description":"This is tag Temperature Classification description","unitGroup":"temperature"},{"id":"TAG_HEATRATE_CLASS_ID","name":"ptransform_Tag_HeatRate_Classification_name","description":"This is tag HeatRate Classification description","unitGroup":"energy"},{"id":"TAG_ENERGY_EFFICIENCY_CLASS_ID","name":"ptransform_Tag_Efficiency_Classification_name","description":"This is tag Efficiency Classification description","unitGroup":"percentage"}],"tagAssociations":[{"monitoredEntity":{"id":"ptransform-GT-NV-GRACIA","ccomClass":"ASSET"},"tags":[{"id":"TAG_GRACIA_TEMPERATURE","classification":"TAG_TEMPERATURE_CLASS_ID","unit":"Fahrenheit"},{"id":"TAG_GRACIA_HEATRATE","classification":"TAG_HEATRATE_CLASS_ID","unit":"Btu"}]},{"monitoredEntity":{"id":"ptransform-GT-NV-CHELSEA","ccomClass":"ASSET"},"tags":[{"id":"TAG_CHELSEA_TEMPERATURE","classification":"TAG_TEMPERATURE_CLASS_ID","unit":"Fahrenheit"},{"id":"TAG_CHELSEA_HEATRATE","classification":"TAG_HEATRATE_CLASS_ID","unit":"Btu"}]},{"monitoredEntity":{"id":"ptransform-GT-NV-BELMONT","ccomClass":"ASSET"},"tags":[{"id":"TAG_BELMONT_TEMPERATURE","classification":"TAG_TEMPERATURE_CLASS_ID","unit":"Fahrenheit"},{"id":"TAG_BELMONT_HEATRATE","classification":"TAG_HEATRATE_CLASS_ID","unit":"Btu"}]},{"monitoredEntity":{"id":"ptransform-SEGMENT-NV","ccomClass":"SEGMENT"},"tags":[{"id":"TAG_SEGMENT_NV_EFFICIENCY","classification":"TAG_ENERGY_EFFICIENCY_CLASS_ID","unit":"percent"}]},{"monitoredEntity":{"id":"ptransform-SITE-NV","ccomClass":"SITE"},"tags":[{"id":"TAG_SITE_NV_EFFICIENCY","classification":"TAG_ENERGY_EFFICIENCY_CLASS_ID","unit":"percent"}]}]}