{"tagClassifications":[{"id":"TAG_FUELFLOW_CLASS_ID","name":"ptransform_Tag_FuelFlow_Classification_name","description":"This is tag Fuelflow Classification description","unitGroup":"SCFM"}],"tagAssociations":[{"monitoredEntity":{"id":"ptransform-GT-NV-GRACIA","ccomClass":"ASSET"},"tags":[{"id":"TAG_GRACIA_FUELFLOW","classification":"TAG_FUELFLOW_CLASS_ID","unit":"SCFM"}]},{"monitoredEntity":{"id":"ptransform-GT-NV-CHELSEA","ccomClass":"ASSET"},"tags":[{"id":"TAG_CHELSEA_FUELFLOW","classification":"TAG_FUELFLOW_CLASS_ID","unit":"SCFM"}]},{"monitoredEntity":{"id":"ptransform-GT-NV-BELMONT","ccomClass":"ASSET"},"tags":[{"id":"TAG_BELMONT_FUELFLOW","classification":"TAG_FUELFLOW_CLASS_ID","unit":"SCFM"}]}]}